<application>
  <component name="MaterialThemeConfig">
    <option name="allowDataCollection" value="true" />
    <option name="isCompactMenus" value="true" />
    <option name="isCompactStatusBar" value="true" />
    <option name="isCompactTables" value="true" />
    <option name="isWizardShown" value="true" />
    <option name="tabsHeight" value="34" />
    <option name="accentColor" value="ffd866" />
    <option name="selectedTheme" value="MONOKAI" />
    <option name="userId" value="-76f7f351:16ec70009b2:-8000" />
    <option name="version" value="4.11.5" />
  </component>
</application>