<application>
  <component name="GitRememberedInputs">
    <option name="visitedUrls">
      <list>
        <UrlAndUserName>
          <option name="url" value="https://atc.bmwgroup.net/bitbucket/scm/ucpx/mct-next.git" />
          <option name="userName" value="" />
        </UrlAndUserName>
        <UrlAndUserName>
          <option name="url" value="http://atc.bmwgroup.net" />
          <option name="userName" value="qxz0poh" />
        </UrlAndUserName>
        <UrlAndUserName>
          <option name="url" value="https://inf-git.fh-rosenheim.de/sINFmakipf/ip-gax.git" />
          <option name="userName" value="" />
        </UrlAndUserName>
        <UrlAndUserName>
          <option name="url" value="http://inf-git.fh-rosenheim.de" />
          <option name="userName" value="sinfmaspae" />
        </UrlAndUserName>
        <UrlAndUserName>
          <option name="url" value="https://atc.bmwgroup.net/bitbucket/scm/ucpx/mct.git" />
          <option name="userName" value="" />
        </UrlAndUserName>
        <UrlAndUserName>
          <option name="url" value="https://inf-git.fh-rosenheim.de/sMECsitreu/wt-project.git" />
          <option name="userName" value="" />
        </UrlAndUserName>
      </list>
    </option>
    <option name="cloneParentDir" value="C:\Users\spaetm\IdeaProjects" />
  </component>
  <component name="Vcs.Log.App.Settings">
    <option name="COLUMN_ORDER">
      <list>
        <option value="0" />
        <option value="1" />
        <option value="2" />
        <option value="3" />
      </list>
    </option>
  </component>
  <component name="VcsApplicationSettings">
    <option name="PATCH_STORAGE_LOCATION" value="$USER_HOME$/IdeaProjects" />
  </component>
</application>